<?xml version="1.0" encoding="UTF-8"?>
<project-private xmlns="http://www.netbeans.org/ns/project-private/1">
    <editor-bookmarks xmlns="http://www.netbeans.org/ns/editor-bookmarks/2" lastBookmarkId="0"/>
    <open-files xmlns="http://www.netbeans.org/ns/projectui-open-files/2">
        <group>
            <file>file:/C:/Users/Quoc/Documents/NetBeansProjects/BomberMan/src/bomberman/Images.java</file>
            <file>file:/C:/Users/Quoc/Documents/NetBeansProjects/BomberMan/src/bomberman/BomberMan.java</file>
            <file>file:/C:/Users/Quoc/Documents/NetBeansProjects/BomberMan/src/bomberman/Types.java</file>
            <file>file:/C:/Users/Quoc/Documents/NetBeansProjects/BomberMan/src/bomberman/PowerUp.java</file>
            <file>file:/C:/Users/Quoc/Documents/NetBeansProjects/BomberMan/src/bomberman/Moveable.java</file>
            <file>file:/C:/Users/Quoc/Documents/NetBeansProjects/BomberMan/src/bomberman/Controls.java</file>
            <file>file:/C:/Users/Quoc/Documents/NetBeansProjects/BomberMan/src/bomberman/MoveIt.java</file>
            <file>file:/C:/Users/Quoc/Documents/NetBeansProjects/BomberMan/src/bomberman/Bomb.java</file>
            <file>file:/C:/Users/Quoc/Documents/NetBeansProjects/BomberMan/src/bomberman/Position.java</file>
            <file>file:/C:/Users/Quoc/Documents/NetBeansProjects/BomberMan/src/bomberman/MoveExecutor.java</file>
            <file>file:/C:/Users/Quoc/Documents/NetBeansProjects/BomberMan/src/bomberman/SaveLoad.java</file>
            <file>file:/C:/Users/Quoc/Documents/NetBeansProjects/BomberMan/src/bomberman/Enemy.java</file>
            <file>file:/C:/Users/Quoc/Documents/NetBeansProjects/BomberMan/src/bomberman/Bonus.java</file>
            <file>file:/C:/Users/Quoc/Documents/NetBeansProjects/BomberMan/src/bomberman/Map.java</file>
            <file>file:/C:/Users/Quoc/Documents/NetBeansProjects/BomberMan/src/bomberman/Sounds.java</file>
            <file>file:/C:/Users/Quoc/Documents/NetBeansProjects/BomberMan/src/bomberman/Bomber.java</file>
            <file>file:/C:/Users/Quoc/Documents/NetBeansProjects/BomberMan/src/bomberman/Fire.java</file>
        </group>
    </open-files>
</project-private>
